<Configuration>
    <Appenders>
        <File name="SLBosAccountUserFA" fileName="./logs/SLBosAccountUser/SLBosAccountUser.log">
            <PatternLayout pattern="%d [%t] %-5p  %c - %m%n"/>
        </File>
        <Async name="SLBosAccountUserAA">
            <AppenderRef ref="SLBosAccountUserFA"/>
        </Async>
        <File name="SOASLBosAccountUserFA" fileName="./logs/SLBosAccountUser/SOASLBosAccountUser.log">
            <PatternLayout pattern="%d [%t] %-5p  %c - %m%n"/>
        </File>
        <Async name="SOASLBosAccountUserAA">
            <AppenderRef ref="SOASLBosAccountUserFA"/>
        </Async>
    </Appenders>
    <Loggers>
        <Logger name="SLBosAccountUser.DefaultLogger" level="info">
            <AppenderRef ref="SLBosAccountUserAA"/>
        </Logger>
        <Logger name="SOASLBosAccountUser.DefaultLogger" level="info">
            <AppenderRef ref="SOASLBosAccountUserAA"/>
        </Logger>
    </Loggers>
</Configuration>
